ba,EIN,Tax Year,Location (Zipcode),Federate Campaigns,Membership Dues,Fundraising Events,Related Organizations,Government Grants,"All Other Contributions gifts, grants and similar amounts not included above",Noncash constributions included in lines 1a - 1f,Total ,Type,,,,EIN_YEAR
Regional Task Force on the Homeless,113723093,2015,92123,0,0,0,0,1110060,47330,0,1157390,A,1157390,TRUE,0,113723093_2015
Regional Task Force on the Homeless,113723093,2016,92123,0,6677,0,0,1922156,65214,0,1994047,A,1994047,TRUE,0,113723093_2016
Regional Task Force on the Homeless,113723093,2018,92123,0,0,0,0,2505451,865020,0,3370471,A,3370471,TRUE,0,113723093_2018
Regional Task Force on the Homeless,113723093,2019,92123,0,0,0,0,9344677,182239,0,9526916,A,9526916,TRUE,0,113723093_2019
Regional Task Force on the Homeless,113723093,2020,92123,0,0,0,0,17841834,183535,0,18025369,A,18025369,TRUE,0,113723093_2020
Union of Pan Asian Communities ,237279074,2015,92102,1083,0,120006,0,0,282200,0,403289,A,403289,TRUE,0,237279074_2015
Union of Pan Asian Communities ,237279074,2016,92102,777,0,118088,0,0,378054,0,496919,A,496919,TRUE,0,237279074_2016
Union of Pan Asian Communities ,237279074,2017,92102,219,0,123225,0,0,443582,0,567026,A,567026,TRUE,0,237279074_2017
Union of Pan Asian Communities ,237279074,2018,92102,387,0,134109,0,0,299784,0,434280,A,434280,TRUE,0,237279074_2018
Union of Pan Asian Communities ,237279074,2019,92102,56,0,r,0,0,561746,0,561802,A,561802,TRUE,0,237279074_2019
Catholic Charities Diocese of San Diego,237334012,2015,92101,121494,0,57035,0,0,2955261,0,3133790,A,3133790,TRUE,0,237334012_2015
Catholic Charities Diocese of San Diego,237334012,2016,92112,77085,0,53000,0,0,1952123,0,2082208,A,2082208,TRUE,0,237334012_2016
Catholic Charities Diocese of San Diego,237334012,2017,92112,91200,0,28745,0,0,2116667,0,2236612,A,2236612,TRUE,0,237334012_2017
Catholic Charities Diocese of San Diego,237334012,2018,92112,50794,0,5748,0,7519954,2379161,0,9955657,A,9955657,TRUE,0,237334012_2018
Catholic Charities Diocese of San Diego,237334012,2019,92112,21301,0,0,0,7876775,2735170,0,10633246,A,10633246,TRUE,0,237334012_2019
Catholic Charities Diocese of San Diego,237334012,2020,92112,9190,0,0,0,11606920,4238141,0,15854251,,15854251,TRUE,0,237334012_2020
Equality Alliance of San Diego County,261712580,2015,92112,0,0,0,0,0,1236242,0,1236242,A,1236242,TRUE,0,261712580_2015
Equality Alliance of San Diego County,261712580,2016,92112,0,0,0,0,0,2424704,0,2424704,A,2424704,TRUE,0,261712580_2016
Equality Alliance of San Diego County,261712580,2017,92112,0,0,0,0,0,1624468,0,1624468,A,1624468,TRUE,0,261712580_2017
Equality Alliance of San Diego County,261712580,2018,92112,0,9375,0,0,0,2631980,0,2641355,A,2641355,TRUE,0,261712580_2018
Equality Alliance of San Diego County,261712580,2019,92112,0,9365,0,0,0,1800844,0,1810209,A,1810209,TRUE,0,261712580_2019
Equality Alliance of San Diego County,261712580,2020,92112,0,5050,0,0,242800,4179440,0,4427290,A,4427290,TRUE,0,261712580_2020
Deaf Community Services of San Diego,330006089,2015,92108,3270,0,0,0,1329774,61532,0,1394576,A,1394576,TRUE,0,330006089_2015
Deaf Community Services of San Diego,330006089,2017,92108,2240,0,0,0,1438267,124495,0,1565002,A,1565002,TRUE,0,330006089_2017
Deaf Community Services of San Diego,330006089,2018,92108,3178,0,34205,0,2111657,165828,0,2314868,A,2314868,TRUE,0,330006089_2018
Deaf Community Services of San Diego,330006089,2019,92108,2787,0,0,0,2656426,144693,0,2803906,A,2803906,TRUE,0,330006089_2019
Alpha Project,330215585,2015,92103,0,0,0,0,2827016,2417961,1086372,5244977,A,5244977,TRUE,0,330215585_2015
Alpha Project,330215585,2016,92103,0,0,0,0,1251303,6178785,1876303,7430088,A,7430088,TRUE,0,330215585_2016
Alpha Project,330215585,2017,92103,0,0,0,0,1972019,8974475,1744782,10946494,A,10946494,TRUE,0,330215585_2017
Alpha Project,330215585,2018,92103,0,0,0,0,2476001,14101032,1757375,16577033,A,16577033,TRUE,0,330215585_2018
Alpha Project,330215585,2019,92103,0,0,47749,0,15957289,10930710,1540175,26935748,A,26935748,TRUE,0,330215585_2019
Alpha Project,330215585,2020,92103,0,0,145859,0,18162046,3338814,1199956,21646719,,21646719,TRUE,0,330215585_2020
Community Housing Works,330317950,2015,92108,0,0,0,0,2257896,1355637,0,3613533,A,3613533,TRUE,0,330317950_2015
Community Housing Works,330317950,2016,92108,0,0,178333,0,910318,501953,0,1590604,A,1590604,TRUE,0,330317950_2016
Community Housing Works,330317950,2018,92108,0,0,0,0,5739760,988317,0,6728077,A,6728077,TRUE,0,330317950_2018
Community Housing Works,330317950,2019,92108,0,0,0,2915400,1426417,944973,0,5286790,A,5286790,TRUE,0,330317950_2019
National Conflict Resolution Center,330433314,2016,92101,0,0,0,0,806892,1300903,0,2107795,A,2107795,TRUE,0,330433314_2016
National Conflict Resolution Center,330433314,2015,92101,0,0,0,0,851714,1076360,0,1928074,A,1928074,TRUE,0,330433314_2015
National Conflict Resolution Center,330433314,2017,92101,0,0,0,0,1514007,1231820,0,2745827,A,2745827,TRUE,0,330433314_2017
National Conflict Resolution Center,330433314,2018,92101,0,0,0,0,1265617,1689439,0,2955056,A,2955056,TRUE,0,330433314_2018
National Conflict Resolution Center,330433314,2019,92101,0,0,0,0,1178817,986074,0,2164891,A,2164891,TRUE,0,330433314_2019
Father Joe's Villages,330492304,2015,921023332,0,0,0,0,560794,2189344,2070609,2750138,A,2750138,TRUE,0,330492304_2015
Father Joe's Villages,330492304,2016,921023332,0,0,0,0,242055,2887758,2649029,3129813,A,3129813,TRUE,0,330492304_2016
Father Joe's Villages,330492304,2017,921023332,0,0,0,0,279676,6295355,5923230,6575031,A,6575031,TRUE,0,330492304_2017
Father Joe's Villages,330492304,2018,921023332,0,0,0,0,102020,2137155,2067214,2239175,A,2239175,TRUE,0,330492304_2018
Father Joe's Villages,330492304,2019,921023332,0,0,0,0,578517,15544341,5811788,16122858,A,16122858,TRUE,0,330492304_2019
Father Joe's Villages,330492304,2021,921023332,0,0,670548,0,24605978,27317674,2854659,52594200,,52594200,TRUE,0,
Community Health Imporvement Partners,330496092,2015,92123,0,0,74326,0,1470129,338135,0,1882590,A,1882590,TRUE,0,330496092_2015
Community Health Imporvement Partners,330496092,2016,92123,0,0,82700,0,1528859,1256636,0,2868195,A,2868195,TRUE,0,330496092_2016
Community Health Imporvement Partners,330496092,2018,92123,0,0,0,0,2193360,231560,0,2424920,A,2424920,TRUE,0,330496092_2018
Community Health Imporvement Partners,330496092,2019,92123,0,0,0,0,1970684,262742,0,2233426,A,2233426,TRUE,0,330496092_2019
Townspeople,330623634,2016,92103,0,0,0,0,732642,14274,0,746916,A,746916,TRUE,0,330623634_2016
Townspeople,330623634,2017,92103,0,0,0,0,685289,18984,3430,704273,A,704273,TRUE,0,330623634_2017
Townspeople,330623634,2018,92103,0,0,0,0,830118,128187,0,958305,A,958305,TRUE,0,330623634_2018
Townspeople,330623634,2019,92103,0,0,0,0,1043179,25747,0,1068926,A,1068926,TRUE,0,330623634_2019
Townspeople,330623634,2021,92104,0,0,0,0,1404789,301693,0,1706482,,1706482,TRUE,0,330623634_2021
211 San Diego,331029843,2015,92142,0,0,148000,0,0,1442396,20500,1590396,A,1590396,TRUE,0,331029843_2015
211 San Diego,331029843,2017,92142,68432,0,0,0,0,1291416,0,1359848,A,1359848,TRUE,0,331029843_2017
211 San Diego,331029843,2018,92142,5422,0,0,0,0,1437951,0,1443373,A,1443373,TRUE,0,331029843_2018
211 San Diego,331029843,2019,92142,67806,0,167628,0,0,585432,0,820866,A,820866,TRUE,0,331029843_2019
Think Dignity,331146733,2016,92104,0,3445,20231,0,121084,114551,11272,259311,A,259311,TRUE,0,331146733_2016
Think Dignity,331146733,2017,92104,0,4925,15100,0,106172,255771,0,381968,A,381968,TRUE,0,331146733_2017
Think Dignity,331146733,2018,92104,0,0,33682,0,114747,324226,25426,472655,A,472655,TRUE,0,331146733_2018
Think Dignity,331146733,2019,92104,0,0,48628,0,129001,125440,43807,303069,A,303069,TRUE,0,331146733_2019
Urban Street Angels,465055513,2016,92101,0,0,41551,0,155681,100940,0,298172,A,298172,TRUE,0,465055513_2016
Urban Street Angels,465055513,2017,92101,0,0,31109,0,26250,349708,0,407067,A,407067,TRUE,0,465055513_2017
Urban Street Angels,465055513,2018,92101,0,0,24381,0,713895,112174,0,850450,A,850450,TRUE,0,465055513_2018
Urban Street Angels,465055513,2019,92101,0,0,0,0,1597401,414072,0,2011473,A,2011473,TRUE,0,465055513_2019
Urban Street Angels,465055513,2020,92101,0,0,0,0,2397198,225223,0,2622421,,2622421,TRUE,0,465055513_2020
Walden Environmental,942358632,2015,92123,0,0,0,0,0,203057,4040,203057,A,203057,TRUE,0,942358632_2015
Walden Environmental,942358632,2016,92123,0,0,0,0,0,433600,1200,433600,A,433600,TRUE,0,942358632_2016
Walden Environmental,942358632,2018,92123,0,0,53100,0,7206433,160923,1605,7420456,A,7420456,TRUE,0,942358632_2018
Walden Environmental,942358632,2018,92123,0,0,1007674,0,13353015,441793,681176,14802482,A,14802482,TRUE,0,942358632_2018
Walden Environmental,942358632,2019,92123,0,0,1071693,0,16055428,658669,35545,17785790,A,17785790,TRUE,0,942358632_2019
Jewish Family Service of San Diego,951644024,2015,92123,0,0,88548,70000,7628861,6851622,149927,14639031,A,14639031,TRUE,0,951644024_2015
Jewish Family Service of San Diego,951644024,2017,92123,0,0,291286,1531126,7074276,7917964,286966,16814652,A,16814652,TRUE,0,951644024_2017
Jewish Family Service of San Diego,951644024,2018,92123,0,0,382685,2042808,11727667,15812839,126480,29965999,A,29965999,TRUE,0,951644024_2018
Jewish Family Service of San Diego,951644024,2020,92123,0,0,72703,7303371,21236898,13159624,247272,41772596,,41772596,TRUE,0,951644024_2020
Legal Aid Society of San Diego,951869806,2015,92114,2336,0,0,0,13495410,5125303,9234,18623049,A,18623049,TRUE,0,951869806_2015
Legal Aid Society of San Diego,951869806,2016,92114,1677,0,10000,0,12558042,4108352,19250,16678071,A,16678071,TRUE,0,951869806_2016
Legal Aid Society of San Diego,951869806,2017,92114,3609,0,15000,0,12367467,3883995,0,16270071,A,16270071,TRUE,0,951869806_2017
Legal Aid Society of San Diego,951869806,2018,92114,3151,0,0,0,13243289,3568421,0,16814861,A,16814861,TRUE,0,951869806_2018
Legal Aid Society of San Diego,951869806,2019,92114,1859,0,0,0,14166199,2669644,0,16837702,A,16837702,TRUE,0,951869806_2019
Legal Aid Society of San Diego,951869806,2020,92114,2330,0,0,0,16520044,2875583,0,19397957,A,19397957,TRUE,0,951869806_2020
San Diego Rescue Mission Inc,951874073,2014,92138,0,0,0,0,0,16740258,10231357,16740258,A,16740258,TRUE,0,951874073_2014
San Diego Rescue Mission Inc,951874073,2015,92138,0,0,0,0,0,15535669,9304663,15535669,A,15535669,TRUE,0,951874073_2015
San Diego Rescue Mission Inc,951874073,2017,92138,0,0,0,0,0,17095088,9929227,17095088,A,17095088,TRUE,0,951874073_2017
San Diego Rescue Mission Inc,951874073,2018,92138,0,0,297819,0,0,16921789,8637829,17219608,A,17219608,TRUE,0,951874073_2018
San Diego Rescue Mission Inc,951874073,2019,92138,0,0,50825,0,0,16540608,7454894,16591433,A,16591433,TRUE,0,951874073_2019
San Diego Rescue Mission Inc,951874073,2020,92138,0,0,142855,0,0,21978558,10039786,22121413,A,22121413,TRUE,0,951874073_2020
San Diego Rescue Mission Inc,951874073,2021,92138,0,0,155764,0,0,26121296,8271604,26277060,,26277060,TRUE,0,
Vista Hill Foundation,951944230,2014,92123,0,0,0,1164736,0,0,0,1164736,A,1164736,TRUE,0,951944230_2014
Vista Hill Foundation,951944230,2015,92123,0,0,0,1081289,0,0,0,1081289,A,1081289,TRUE,0,951944230_2015
Vista Hill Foundation,951944230,2016,92123,0,0,0,1144538,0,25000,0,1169538,A,1169538,TRUE,0,951944230_2016
Vista Hill Foundation,951944230,2017,92123,0,0,0,1143385,0,0,0,1143385,A,1143385,TRUE,0,951944230_2017
Vista Hill Foundation,951944230,2018,92123,0,0,0,519227,0,50000,0,569227,A,569227,TRUE,0,951944230_2018
YMCA of San Diego,952039198,2015,92123,0,0,0,0,59368000,15803000,0,75171000,A,75171000,TRUE,0,952039198_2015
YMCA of San Diego,952039198,2017,92123,0,0,0,0,79369000,15066000,0,94435000,A,94435000,TRUE,0,952039198_2017
YMCA of San Diego,952039198,2018,92123,0,0,0,0,92115000,11971000,440000,104086000,A,104086000,TRUE,0,952039198_2018
YMCA of San Diego,952039198,2019,92123,0,0,0,0,103823000,20816000,0,124639000,A,124639000,TRUE,0,952039198_2019
Pathfinders of San Diego,952157559,2015,92104,0,0,0,0,484499,37895,0,522394,A,522394,TRUE,0,952157559_2015
Pathfinders of San Diego,952157559,2016,92104,0,0,0,0,460914,165917,0,626831,A,626831,TRUE,0,952157559_2016
Pathfinders of San Diego,952157559,2017,92104,0,0,0,0,544103,44220,0,588323,A,588323,TRUE,0,952157559_2017
Pathfinders of San Diego,952157559,2018,92104,0,0,0,0,1174540,88694,0,1263234,A,1263234,TRUE,0,952157559_2018
Pathfinders of San Diego,952157559,2019,92104,0,0,0,0,1191318,5658,0,1196976,A,1196976,TRUE,0,952157559_2019
San Diego Youth Services,952648050,2015,92110,0,0,0,0,0,573337,0,573337,A,573337,TRUE,0,952648050_2015
San Diego Youth Services,952648050,2016,92110,0,0,0,0,0,339948,0,339948,A,339948,TRUE,0,952648050_2016
San Diego Youth Services,952648050,2017,92110,0,0,0,0,17914417,225235,0,18139652,A,18139652,TRUE,0,952648050_2017
San Diego Youth Services,952648050,2018,92110,0,0,0,0,19070850,144882,0,19215732,A,19215732,TRUE,0,952648050_2018
San Diego Youth Services,952648050,2019,92110,0,0,0,0,19632420,203870,0,19836290,A,19836290,TRUE,0,952648050_2019
San Diego Youth Services,952648050,2020,92110,0,0,0,0,19387646,322601,0,19710247,,19710247,TRUE,,952648050_2020
Crash Inc,952653869,2015,92108,0,0,0,0,0,12407,0,12407,A,12407,TRUE,0,952653869_2015
Crash Inc,952653869,2016,92108,0,0,0,0,0,10393,0,10393,A,10393,TRUE,0,952653869_2016
Crash Inc,952653869,2017,92108,0,0,0,0,0,5869,0,5869,A,5869,TRUE,0,952653869_2017
Crash Inc,952653869,2018,92108,0,0,0,0,0,19567,0,19567,A,19567,TRUE,0,952653869_2018
Crash Inc,952653869,2019,92108,0,0,0,0,0,10140,0,10140,A,10140,TRUE,0,952653869_2019
Family Health Centers of San Diego Inc,952833205,2015,92102,0,0,109028,0,31709294,2030508,206,33848830,A,33848830,TRUE,0,952833205_2015
Family Health Centers of San Diego Inc,952833205,2016,92102,0,0,117163,0,37189601,1889004,0,39195768,A,39195768,TRUE,0,952833205_2016
Family Health Centers of San Diego Inc,952833205,2017,92102,0,0,122474,0,35785124,4490939,0,40398537,A,40398537,TRUE,0,952833205_2017
Family Health Centers of San Diego Inc,952833205,2018,92102,0,0,112377,0,35981688,4781811,0,40875876,A,40875876,TRUE,0,952833205_2018
Family Health Centers of San Diego Inc,952833205,2019,92102,0,0,127428,0,42826769,7746205,0,50700402,A,50700402,TRUE,0,952833205_2019
Family Health Centers of San Diego Inc,952833205,2020,92102,0,0,0,0,49070786,7643862,766795,56714648,,56714648,TRUE,,952833205_2020
Serving Seniors,952850121,2015,92101,0,0,0,0,3119195,1727053,96540,4846248,A,4846248,TRUE,0,952850121_2015
Serving Seniors,952850121,2016,92101,0,0,325000,0,3245708,1210887,0,4781595,A,4781595,TRUE,0,952850121_2016
Serving Seniors,952850121,2017,92101,0,0,101071,0,3298204,1739118,236047,5138393,A,5138393,TRUE,0,952850121_2017
Serving Seniors,952850121,2018,92101,0,0,161620,0,4078668,2248135,124834,6488423,A,6488423,TRUE,0,952850121_2018
Serving Seniors,952850121,2019,92101,0,0,53970,0,5623675,3947673,0,9625318,A,9625318,TRUE,0,952850121_2019
Serving Seniors,952850121,2021,92101,0,0,129000,0,8663919,3595528,0,12388447,,12388447,TRUE,0,
Elderhelp of San Diego,952880426,2015,92123,0,0,40155,0,345108,916212,0,1301475,A,1301475,TRUE,0,952880426_2015
Elderhelp of San Diego,952880426,2016,92123,0,0,42430,0,357117,1052228,0,1451775,A,1451775,TRUE,0,952880426_2016
Elderhelp of San Diego,952880426,2017,92123,0,0,41285,0,334239,1055910,0,1431434,A ,1431434,TRUE,0,952880426_2017
Elderhelp of San Diego,952880426,2018,92123,0,0,53375,0,313363,762231,37263,1128969,A,1128969,TRUE,0,952880426_2018
Elderhelp of San Diego,952880426,2019,92123,0,0,51009,0,318368,1075276,34594,1444653,A,1444653,TRUE,0,952880426_2019
Elderhelp of San Diego,952880426,2020,92123,0,0,109324,0,574130,1219917,37648,1903371,,1903371,TRUE,0,
New Alternatives Inc,953244085,2015,92163,0,0,0,0,0,467092,0,467092,A,467092,TRUE,0,953244085_2015
New Alternatives Inc,953244085,2016,92163,0,0,0,0,0,274792,0,274792,A,274792,TRUE,0,953244085_2016
New Alternatives Inc,953244085,2017,92163,0,0,0,0,29308,741356,0,770664,A,770664,TRUE,0,953244085_2017
New Alternatives Inc,953244085,2018,92163,0,0,0,0,0,390047,0,390047,A,390047,TRUE,0,953244085_2018
New Alternatives Inc,953244085,2019,92163,0,0,0,0,0,291658,0,291658,A,291658,TRUE,0,953244085_2019
Community Research Foundation,953248148,2015,92110,0,0,0,0,47272420,23961,0,47296381,A,47296381,TRUE,0,953248148_2015
Community Research Foundation,953248148,2016,92110,0,0,0,0,53517314,36320,0,53553634,A,53553634,TRUE,0,953248148_2016
Community Research Foundation,953248148,2017,92110,0,0,0,0,60139803,45233,0,60185036,A,60185036,TRUE,0,953248148_2017
Community Research Foundation,953248148,2018,92110,0,0,0,0,67698783,40892,0,67739675,A,67739675,TRUE,0,953248148_2018
Community Research Foundation,953248148,2019,92110,0,0,0,0,75268724,49776,0,75318500,A,75318500,TRUE,0,953248148_2019
Community Research Foundation,953248148,2020,92110,0,0,0,0,73708400,74747,0,73783147,,73783147,TRUE,0,953248148_2020
Mental Health Systems,953302967,2014,92123,0,0,0,0,72132439,267385,0,72399824,A,72399824,TRUE,0,953302967_2014
Mental Health Systems,953302967,2015,92123,0,0,0,0,67248615,281825,0,67530440,A,67530440,TRUE,0,953302967_2015
Mental Health Systems,953302967,2016,92123,0,0,0,0,62030562,78628,0,62109190,A,62109190,TRUE,0,953302967_2016
Mental Health Systems,953302967,2017,92123,0,0,0,0,61935444,79120,0,62014564,A,62014564,TRUE,0,953302967_2017
Mental Health Systems,953302967,2018,92123,0,0,0,0,71062143,77961,0,71140104,A,71140104,TRUE,0,953302967_2018
Mental Health Systems,953302967,2019,92123,0,0,0,0,90049407,32870,0,90082277,A,90082277,TRUE,0,953302967_2019
Casa De Amparo,953315571,2015,92069,14662,0,337599,0,191203,2208953,424543,2752417,A,2752417,TRUE,0,953315571_2015
Casa De Amparo,953315571,2016,92069,11487,0,225830,0,222038,3348922,486662,3808277,A,3808277,TRUE,0,953315571_2016
Casa De Amparo,953315571,2017,92069,1924,0,14888,0,5669765,1737039,408738,7423616,A,7423616,TRUE,0,953315571_2017
Casa De Amparo,953315571,2018,92069,0,0,119380,0,402566,1441065,319577,1963011,A,1963011,TRUE,0,953315571_2018
Casa De Amparo,953315571,2019,92069,0,0,128260,0,8253706,1511144,229425,9893110,A,9893110,TRUE,0,953315571_2019
Vietnam Veterans of San Diego,953649525,2015,921102030,0,0,0,0,8368757,1746395,1086348,10115152,A,10115152,TRUE,0,953649525_2015
Vietnam Veterans of San Diego,953649525,2018,92110,0,0,0,0,12226507,1663160,68633,13889667,A,13889667,TRUE,0,953649525_2018
Vietnam Veterans of San Diego,953649525,2019,92110,0,0,108285,0,14550486,2660409,90700,17319180,A,17319180,TRUE,0,953649525_2019
Vietnam Veterans of San Diego,953649525,2020,92110,0,0,0,0,17344646,919709,140090,18264355,,18264355,TRUE,,953649525_2020
Center For Community Solutions,956379598,2015,92109,0,0,238746,0,3215028,596261,29180,4050035,A,4050035,TRUE,0,956379598_2015
Center For Community Solutions,956379598,2017,92109,0,0,286098,0,4101800,719296,35080,5107194,A,5107194,TRUE,0,956379598_2017
Center For Community Solutions,956379598,2018,92109,0,0,431150,0,4702859,731655,33999,5865664,A,5865664,TRUE,,956379598_2018
Center For Community Solutions,956379598,2019,92109,0,0,169778,0,463840,943753,50456,6077371,A,6077371,TRUE,,956379598_2019
Community Resource Center,953497926,2015,92024,2081,0,178433,0,877544,1118465,37633,2176523,A,2176523,TRUE,,953497926_2015
Community Resource Center,953497926,2016,92024,1043,0,4960,0,1074638,1221054,43662,2301695,A,2301695,TRUE,,953497926_2016
Community Resource Center,953497926,2017,92024,158,0,73475,0,1305024,1827504,548988,3206161,A,3206161,TRUE,,953497926_2017
Community Resource Center,953497926,2018,92024,347,0,68811,0,1526759,1422107,614244,3018024,A,3018024,TRUE,,953497926_2018
Community Resource Center,953497926,2019,92024,0,0,301149,0,2338255,2490058,627749,5129462,A,5129462,TRUE,,953497926_2019
Community Resource Center,953497926,2020,92024,0,0,77637,0,3252755,4043651,1035391,7374043,A,7374043,TRUE,,953497926_2020
Interfaith Community Services,953837714,2015,92025,2401,0,0,0,0,4366929,635553,4369330,A,4369330,TRUE,,953837714_2015
Interfaith Community Services,953837714,2017,92025,2794,0,0,0,0,6715132,859409,6717926,A,6717926,TRUE,,953837714_2017
Interfaith Community Services,953837714,2018,92025,7874,0,0,0,0,4659335,931132,4667209,A,4667209,TRUE,,953837714_2018
Interfaith Community Services,953837714,2019,92025,371,0,0,0,0,7188385,840491,7188756,A,7188756,TRUE,,953837714_2019
Interfaith Community Services,953837714,2020,92025,0,0,0,0,0,8230080,609510,8230080,A,8230080,TRUE,,953837714_2020
Mcalister Institute,953140767,2015,92020,0,0,0,0,9361362,0,0,9361362,A,9361362,TRUE,,953140767_2015
Mcalister Institute,953140767,2016,92020,0,0,0,0,11827666,0,0,11827666,A,11827666,TRUE,,953140767_2016
Mcalister Institute,953140767,2017,92020,0,0,0,0,15375695,0,0,15375695,A,15375695,TRUE,,953140767_2017
Mcalister Institute,953140767,2018,92020,0,0,0,0,20728534,0,0,20728534,A,20728534,TRUE,,953140767_2018
Mcalister Institute,953140767,2020,92020,0,0,0,0,33156996,0,0,33156996,,33156996,TRUE,,953140767_2020
Neighborhood House Association,951648184,2015,92111,6215,0,193732,0,83944092,573315,0,84717354,A,84717354,TRUE,,951648184_2015
Neighborhood House Association,951648184,2016,92111,4241,0,208120,0,85482020,539917,0,86234298,A,86234298,TRUE,,951648184_2016
Neighborhood House Association,951648184,2017,92111,2433,0,90000,0,92792453,640431,65505,93525317,A,93525317,TRUE,,951648184_2017
Neighborhood House Association,951648184,2018,92111,882,0,197990,0,95320956,638996,74436,96158824,A,96158824,TRUE,,951648184_2018
Neighborhood House Association,951648184,2019,92111,819,0,88990,0,97559202,598531,0,98247542,A,98247542,TRUE,,951648184_2019
South Bay Community Services,952693142,2015,91910,0,0,0,0,23412360,546969,278454,23959329,A,23959329,TRUE,,952693142_2015
South Bay Community Services,952693142,2016,91910,0,0,158754,0,24108727,511375,194845,24778856,A,24778856,TRUE,,952693142_2016
South Bay Community Services,952693142,2017,91910,0,0,187711,0,23679156,505996,75340,24372863,A,24372863,TRUE,,952693142_2017
South Bay Community Services,952693142,2018,91910,0,0,230647,0,24769279,603727,148832,25603653,A,25603653,TRUE,,952693142_2018
South Bay Community Services,952693142,2019,91910,0,0,165510,0,30495738,2038952,78823,32700200,A,32700200,TRUE,,952693142_2019
South Bay Community Services,952693142,2020,91910,0,0,0,0,93767513,4511207,411334,98278720,,98278720,TRUE,,952693142_2020
Crisis House,330217339,2015,92020,0,0,0,0,756702,273265,169610,1029967,A,1029967,TRUE,,330217339_2015
Crisis House,330217339,2016,92020,0,0,0,0,802795,342525,189186,1145320,A,1145320,TRUE,,330217339_2016
Crisis House,330217339,2017,92020,0,0,0,0,1433825,346726,183702,1780551,A,1780551,TRUE,,330217339_2017
Crisis House,330217339,2018,92020,0,0,10770,0,1424698,512193,118107,1947661,A,1947661,TRUE,,330217339_2018
Crisis House,330217339,2019,92020,0,0,0,0,1933389,437262,74525,2370651,A,2370651,TRUE,,330217339_2019
Crisis House,330217339,2020,92071,0,0,0,0,1923024,491981,49511,2415005,,2415005,TRUE,,330217339_2020
North County Lifeline,952794253,2015,92056,0,0,0,0,7008292,156226,71467,7164518,A,7164518,TRUE,,952794253_2015
North County Lifeline,952794253,2016,92056,0,0,0,0,7910489,269310,107107,8179799,A,8179799,TRUE,,952794253_2016
North County Lifeline,952794253,2017,92056,0,0,0,0,9738384,287018,207107,10025402,A,10025402,TRUE,,952794253_2017
North County Lifeline,952794253,2018,92056,0,0,0,0,10496439,353245,235480,10849684,A,10849684,TRUE,,952794253_2018
North County Lifeline,952794253,2019,92056,0,0,0,0,12446965,392396,251569,12839361,A,12839361,TRUE,,952794253_2019
North County Lifeline,952794253,2020,92056,0,0,0,0,13098737,679469,189639,13778206,A,13778206,TRUE,,952794253_2020
Episcopal Community Services,951945256,2015,91950,0,0,51225,0,22100447,340084,0,22491756,A,22491756,TRUE,,951945256_2015
Episcopal Community Services,951945256,2016,91950,0,0,101625,0,22673613,301556,0,23076794,A,23076794,TRUE,,951945256_2016
Episcopal Community Services,951945256,2017,91950,0,0,124077,0,23934591,719216,0,24777884,A,24777884,TRUE,,951945256_2017
Episcopal Community Services,951945256,2018,91950,0,0,137949,0,25902728,527617,129159,26568294,A,26568294,TRUE,,951945256_2018
Episcopal Community Services,951945256,2019,91950,0,0,168750,0,26628948,568432,76845,27366130,A,27366130,TRUE,,951945256_2019
East County Transitional Living Center Inc.,270865318,2015,92021,0,0,0,0,77030,633257,412106,710287,A,710287,TRUE,,270865318_2015
East County Transitional Living Center Inc.,270865318,2016,92021,0,0,0,0,164573,692054,580726,856627,A,856627,TRUE,,270865318_2016
East County Transitional Living Center Inc.,270865318,2017,92021,0,0,0,0,80004,1549664,905744,1629668,A,1629668,TRUE,,270865318_2017
East County Transitional Living Center Inc.,270865318,2018,92021,0,0,0,0,0,2215373,1511646,2215373,A,2215373,TRUE,,270865318_2018
East County Transitional Living Center Inc.,270865318,2019,92021,0,0,0,0,0,1616436,1140751,1616436,A,1616436,TRUE,,270865318_2019
East County Transitional Living Center Inc.,270865318,2021,92021,0,0,0,0,0,4219724,3264414,7484138,,7484138,TRUE,,
Think Dignity,331146733,2016,92104,0,3445,20231,0,121084,114551,11272,259311,A,259311,TRUE,,331146733_2016
Think Dignity,331146733,2017,92104,0,4925,15100,0,106172,255771,0,381968,A,381968,TRUE,,331146733_2017
Think Dignity,331146733,2018,92104,0,0,33682,0,114747,324226,25426,472655,A,472655,TRUE,,331146733_2018
Think Dignity,331146733,2019,92104,0,0,48628,0,129001,125440,43807,303069,A,303069,TRUE,,331146733_2019
Think Dignity,331146733,2021,92104,0,0,45695,0,189346,273056,63404,508097,,508097,TRUE,,331146733_2021
"SDHC Building Opportunities, Inc. ",821946283,2019,92101,0,0,0,0,0,366114,0,366114,A,366114,TRUE,,821946283_2019
"SDHC Building Opportunities, Inc. ",821946283,2020,92101,0,0,0,0,0,116000,0,116000,A,116000,TRUE,,821946283_2020
Generatehope Inc.,263405689,2015,92108,0,0,12315,0,153154,559739,0,725208,A,725208,TRUE,,263405689_2015
Generatehope Inc.,263405689,2016,92108,0,0,0,0,52000,971973,36500,1023973,A,1023973,TRUE,,263405689_2016
Generatehope Inc.,263405689,2016,92108,0,0,0,0,52000,971973,736500,1023973,A,1023973,TRUE,,263405689_2016
Generatehope Inc.,263405689,2017,92108,0,0,139870,0,83947,705417,149318,929234,A,929234,TRUE,,263405689_2017
Generatehope Inc.,263405689,2018,92108,0,0,204598,0,65995,1195492,317578,1466085,A,1466085,TRUE,,263405689_2018
Generatehope Inc.,263405689,2019,92108,0,0,190000,0,61264,871044,53273,1122308,A,1122308,TRUE,,263405689_2019
Association for Community Housing Solutions,330602842,2015,92123,0,0,0,0,1237593,454,0,1238047,A,1238047,TRUE,,330602842_2015
Association for Community Housing Solutions,330602842,2016,92123,0,0,0,0,1485908,1212,0,1487120,A,1487120,TRUE,,330602842_2016
Association for Community Housing Solutions,330602842,2017,92123,0,0,0,0,1564629,1120,0,1565749,A,1565749,TRUE,,330602842_2017
Association for Community Housing Solutions,330602842,2018,92123,0,0,0,0,1610341,5416,0,1615757,A,1615757,TRUE,,330602842_2018
Association for Community Housing Solutions,330602842,2019,92123,0,0,0,0,1527348,8561,0,1535909,A,1535909,TRUE,,330602842_2019
Solutions for Change Inc,330902617,2015,92083,0,0,649293,0,0,1231933,133368,1881226,A,1881226,TRUE,,330902617_2015
Solutions for Change Inc,330902617,2016,92083,0,0,163539,0,0,1694851,14192,1858390,A,1858390,TRUE,,330902617_2016
Solutions for Change Inc,330902617,2017,92083,0,0,33059,0,300000,1503790,0,1836849,A,1836849,TRUE,,330902617_2017
Solutions for Change Inc,330902617,2018,92083,0,0,250677,0,200000,2319654,144589,2770331,A,2770331,TRUE,,330902617_2018
Solutions for Change Inc,330902617,2019,92083,0,0,155775,0,7500,1513911,95223,1744686,A,1744686,TRUE,,330902617_2019
METROPOLITAN AREA ADVISORY COMMITTEE ON ANTIPOVERTY OF SAN DIEGO COUNTY INC,952457354,2015,91911,0,0,125830,0,28333254,925726,893295,29384810,A,29384810,TRUE,,952457354_2015
METROPOLITAN AREA ADVISORY COMMITTEE ON ANTIPOVERTY OF SAN DIEGO COUNTY INC,952457354,2016,91911,0,0,16800,0,28532127,2003551,1738321,30552478,A,30552478,TRUE,,952457354_2016
METROPOLITAN AREA ADVISORY COMMITTEE ON ANTIPOVERTY OF SAN DIEGO COUNTY INC,952457354,2017,91911,0,0,36800,0,27582015,2269306,2049541,29888121,A,29888121,TRUE,,952457354_2017
METROPOLITAN AREA ADVISORY COMMITTEE ON ANTIPOVERTY OF SAN DIEGO COUNTY INC,952457354,2018,91911,0,0,35000,0,29811044,2412572,1869374,32258616,A,32258616,TRUE,,952457354_2018
METROPOLITAN AREA ADVISORY COMMITTEE ON ANTIPOVERTY OF SAN DIEGO COUNTY INC,952457354,2019,91911,0,0,204555,0,35487026,2434789,2298104,38126370,A,38126370,TRUE,,952457354_2019
Adjoin,330008269,2015,92111,0,0,0,0,2577779,15146,0,2592925,A,2592925,TRUE,,330008269_2015
Adjoin,330008269,2016,92111,0,0,0,0,4117430,14732,0,4132162,A,4132162,TRUE,,330008269_2016
Adjoin,330008269,2018,92111,0,0,0,0,4486116,15457,0,4501573,A,4501573,TRUE,,330008269_2018
Adjoin,330008269,2019,92111,0,0,0,0,4315826,18835,0,4334661,A,4334661,TRUE,,330008269_2019
Adjoin,330008269,2020,92111,0,0,0,0,7508861,136902,0,7645763,,7645763,TRUE,,330008269_2020
AbleDisabled Advocacy Inc.,953031682,2015,92105,0,0,0,0,1677760,16974,0,1694734,A,1694734,TRUE,,953031682_2015
AbleDisabled Advocacy Inc.,953031682,2016,92105,0,0,0,0,0,2076118,0,2076118,A,2076118,TRUE,,953031682_2016
AbleDisabled Advocacy Inc.,953031682,2017,92105,0,0,0,0,1996303,141338,49843,2137641,A,2137641,TRUE,,953031682_2017
AbleDisabled Advocacy Inc.,953031682,2018,92105,0,0,0,0,1962090,377739,237256,2339829,A,2339829,TRUE,,953031682_2018
AbleDisabled Advocacy Inc.,953031682,2020,92105,0,0,0,0,1945475,284250,220883,2229725,A,2229725,TRUE,,953031682_2020
Southern California Tribal Chairmens Association,237161267,2015,92082,0,0,0,0,15121712,2746407,137017,17868119,A,17868119,TRUE,,237161267_2015
Southern California Tribal Chairmens Association,237161267,2016,92082,0,0,0,0,14998644,2860730,138656,17859374,A,17859374,TRUE,,237161267_2016
Southern California Tribal Chairmens Association,237161267,2018,92082,0,0,0,0,15031002,3433623,159069,18464625,A,18464625,TRUE,,237161267_2018
Southern California Tribal Chairmens Association,237161267,2019,92082,0,0,0,0,16187588,3801316,109457,19988904,A,19988904,TRUE,,237161267_2019
LAS PALMAS FOUNDATION,330497515,2015,92024,0,0,0,0,149000,0,0,149000,A,149000,TRUE,,330497515_2015
LAS PALMAS FOUNDATION,330497515,2016,92024,0,0,0,0,0,0,0,0,A,0,TRUE,,330497515_2016
LAS PALMAS FOUNDATION,330497515,2017,92024,0,0,0,0,0,550,0,550,A,550,TRUE,,330497515_2017
LAS PALMAS FOUNDATION,330497515,2018,92024,0,0,0,0,0,300,0,300,A,300,TRUE,,330497515_2018
LAS PALMAS FOUNDATION,330497515,2019,92024,0,0,0,0,0,600,0,600,A,600,TRUE,,330497515_2019
Calexico Plaza Development Corporation,953750738,2015,92127,0,0,0,0,56788,0,0,56788,A,56788,TRUE,,953750738_2015
Calexico Plaza Development Corporation,953750738,2017,92127,0,0,0,0,56517,0,0,56517,A,56517,TRUE,,953750738_2017
Calexico Plaza Development Corporation,953750738,2018,92127,0,0,0,0,54330,0,0,54330,A,54330,TRUE,,953750738_2018
Calexico Plaza Development Corporation,953750738,2019,92127,0,0,0,0,0,0,0,0,A,0,TRUE,,953750738_2019
Calexico Plaza Development Corporation,953750738,2020,92127,0,0,0,0,0,0,0,0,A,0,TRUE,,953750738_2020
Kiku Gardens Inc.,953368020,2015,91911,0,0,1125,0,0,160,0,1285,A,1285,TRUE,,953368020_2015
Kiku Gardens Inc.,953368020,2016,91911,0,0,0,0,0,0,0,0,A,0,TRUE,,953368020_2016
Kiku Gardens Inc.,953368020,2017,91911,0,0,0,0,0,1301200,0,1301200,A,1301200,TRUE,,953368020_2017
Kiku Gardens Inc.,953368020,2018,91911,0,0,0,0,0,4500,0,4500,A,4500,TRUE,,953368020_2018
Kiku Gardens Inc.,953368020,2019,91911,0,0,0,0,0,1375,0,1375,A,1375,TRUE,,953368020_2019
Kiku Gardens Inc.,953368020,2020,91911,0,0,0,0,0,500,0,500,A,500,TRUE,,953368020_2020
GUADALUPE PLAZA DEV CORP,953798088,2015,92127,0,0,0,0,72019,0,0,72019,A,72019,TRUE,,953798088_2015
GUADALUPE PLAZA DEV CORP,953798088,2016,92127,0,0,0,0,61998,0,0,61998,A,61998,TRUE,,953798088_2016
GUADALUPE PLAZA DEV CORP,953798088,2018,92127,0,0,0,0,77704,0,0,77704,A,77704,TRUE,,953798088_2018
GUADALUPE PLAZA DEV CORP,953798088,2019,92127,0,0,0,0,60562,0,0,60562,A,60562,TRUE,,953798088_2019
"ST. PAUL'S EPISCOPAL HOME, INC.",952111196,2015,92013,0,0,0,2297041,590897,894547,884493,3782485,A,3782485,TRUE,,952111196_2015
"ST. PAUL'S EPISCOPAL HOME, INC.",952111196,2016,92013,0,0,0,1683986,0,1718750,0,3402736,A,3402736,TRUE,,952111196_2016
"ST. PAUL'S EPISCOPAL HOME, INC.",952111196,2017,92013,0,0,0,277177,0,263586,0,540763,A,540763,TRUE,,952111196_2017
"ST. PAUL'S EPISCOPAL HOME, INC.",952111196,2018,92013,0,0,0,175050,5330,1620000,0,1800380,A,1800380,TRUE,,952111196_2018
CATHEDRAL PLAZA DEVELOPMENT CORPORATION,952949636,2015,92127,0,0,0,0,320264,0,0,320264,A,320264,TRUE,,952949636_2015
CATHEDRAL PLAZA DEVELOPMENT CORPORATION,952949636,2016,92127,0,0,0,0,141447,0,0,141447,A,141447,TRUE,,952949636_2016
CATHEDRAL PLAZA DEVELOPMENT CORPORATION,952949636,2017,92127,0,0,0,0,139382,0,0,139382,A,139382,TRUE,,952949636_2017
CATHEDRAL PLAZA DEVELOPMENT CORPORATION,952949636,2018,92127,0,0,0,0,161530,0,0,161530,A,161530,TRUE,,952949636_2018
CATHEDRAL PLAZA DEVELOPMENT CORPORATION,952949636,2019,92127,0,0,0,0,132432,0,0,132432,A,132432,TRUE,,952949636_2019
ESCONDIDO GARDENS HOUSING FOUNDATION,330618893,2016,92127,0,0,0,0,58030,0,0,58030,A,58030,TRUE,,330618893_2016
ESCONDIDO GARDENS HOUSING FOUNDATION,330618893,2018,92127,0,0,0,0,59823,0,0,59823,A,59823,TRUE,,330618893_2018
SOUTHERN INDIAN HEALTH COUNCIL,953782164,2015,91901,0,0,0,0,10326684,926092,96307,11252776,A,11252776,TRUE,,953782164_2015
SOUTHERN INDIAN HEALTH COUNCIL,953782164,2016,91901,0,0,0,0,11237004,378725,39036,11615729,A,11615729,TRUE,,953782164_2016
SOUTHERN INDIAN HEALTH COUNCIL,953782164,2017,91901,0,0,0,0,12039956,227741,42532,12267697,A,12267697,TRUE,,953782164_2017
SOUTHERN INDIAN HEALTH COUNCIL,953782164,2018,91901,0,0,0,0,12821614,171201,44396,12992815,A,12992815,TRUE,,953782164_2018
SOUTHERN INDIAN HEALTH COUNCIL,953782164,2019,91901,0,0,0,0,15329504,54763,54763,15384267,A,15384267,TRUE,,953782164_2019
SOUTHERN INDIAN HEALTH COUNCIL,953782164,2020,91901,0,0,0,0,19406720,120824,59013,19527544,A,19527544,TRUE,,953782164_2020
KAREN ORGANIZATION OF SAN DIEGO,272917644,2016,92105,0,0,0,0,0,139470,0,139470,A,139470,TRUE,,272917644_2016
KAREN ORGANIZATION OF SAN DIEGO,272917644,2017,92105,0,0,2888,0,0,132638,0,135526,A,135526,TRUE,,272917644_2017
KAREN ORGANIZATION OF SAN DIEGO,272917644,2018,92105,0,0,0,0,0,188071,0,188071,A,188071,TRUE,,272917644_2018
KAREN ORGANIZATION OF SAN DIEGO,272917644,2019,92105,0,0,0,0,0,169503,0,169503,A,169503,TRUE,,272917644_2019
Somali Bantu Association of America,273390797,2017,92105,0,0,0,0,0,393129,15488,393129,A,393129,TRUE,,273390797_2017
Somali Bantu Association of America,273390797,2018,92105,0,0,0,0,252176,221576,1000,473752,A,473752,TRUE,,273390797_2018
Somali Bantu Association of America,273390797,2019,92105,0,0,0,0,402438,233989,463,636427,A,636427,TRUE,,273390797_2019
ALLIANCE FOR AFRICAN ASSISTANCE,931008369,2015,92115,0,0,0,0,0,79620,0,79620,A,79620,TRUE,,931008369_2015
ALLIANCE FOR AFRICAN ASSISTANCE,931008369,2016,92115,0,0,0,0,0,116000,0,116000,A,116000,TRUE,,931008369_2016
ALLIANCE FOR AFRICAN ASSISTANCE,931008369,2017,92115,0,0,6304,0,0,82574,0,88878,A,88878,TRUE,,931008369_2017
ALLIANCE FOR AFRICAN ASSISTANCE,931008369,2018,92115,0,0,0,0,0,145494,0,145494,A,145494,TRUE,,931008369_2018
ALLIANCE FOR AFRICAN ASSISTANCE,931008369,2019,92115,0,0,42454,0,0,101691,0,144145,A,144145,TRUE,,931008369_2019
UNITED WAY OF SAN DIEGO COUNTY,952213995,2015,92123,13299476,0,37500,0,901775,754543,10000,14993294,A,14993294,TRUE,,952213995_2015
UNITED WAY OF SAN DIEGO COUNTY,952213995,2017,92123,7976397,0,0,0,79332,453929,143347,8509658,A,8509658,TRUE,,952213995_2017
UNITED WAY OF SAN DIEGO COUNTY,952213995,2018,92123,7049076,0,70375,0,509810,663710,0,8292971,A,8292971,TRUE,,952213995_2018
UNITED WAY OF SAN DIEGO COUNTY,952213995,2019,92123,6556292,0,0,0,2803722,1812137,7360,11172151,A,11172151,TRUE,,952213995_2019
"STRONG HEARTED NATIVE WOMEN'S COALITION, INCORPORATED",562613191,2015,92082,0,0,0,0,727969,1957,0,729926,A,729926,TRUE,,562613191_2015
"STRONG HEARTED NATIVE WOMEN'S COALITION, INCORPORATED",562613191,2016,92082,0,0,0,0,726300,2800,0,729100,A,729100,TRUE,,562613191_2016
"STRONG HEARTED NATIVE WOMEN'S COALITION, INCORPORATED",562613191,2017,92082,0,0,0,0,799422,7109,0,806531,A,806531,TRUE,,562613191_2017
"STRONG HEARTED NATIVE WOMEN'S COALITION, INCORPORATED",562613191,2018,92082,0,0,0,0,876189,3574,0,879763,A,879763,TRUE,,562613191_2018
"STRONG HEARTED NATIVE WOMEN'S COALITION, INCORPORATED",562613191,2019,92082,0,0,0,0,921567,26017,0,947584,A,947584,TRUE,,562613191_2019
ACCESS,952422704,2015,92111,0,0,0,0,2146844,142987,0,2289831,A,2289831,TRUE,,952422704_2015
ACCESS,952422704,2017,92111,0,0,0,0,2983795,229551,0,3213346,A,3213346,TRUE,,952422704_2017
ACCESS,952422704,2018,92111,0,0,0,0,3128388,155665,0,3284053,A,3284053,TRUE,,952422704_2018
ACCESS,952422704,2019,92111,0,0,0,0,3237974,54220,0,3292194,A,3292194,TRUE,,952422704_2019
California Indian Legal Services Inc.,941676390,2016,92025,0,0,0,0,1562588,103148,0,1665736,A,1665736,TRUE,,941676390_2016
California Indian Legal Services Inc.,941676390,2017,92025,0,0,0,0,2029571,126194,0,2155765,A,2155765,TRUE,,941676390_2017
California Indian Legal Services Inc.,941676390,2018,92025,0,0,0,0,1819928,73318,0,1893246,A,1893246,TRUE,,941676390_2018
California Indian Legal Services Inc.,941676390,2019,92025,0,0,0,0,1765110,174234,0,1939344,A,1939344,TRUE,,941676390_2019
California Indian Legal Services Inc.,941676390,2020,92025,0,0,0,0,2026456,18802,0,2045258,A,2045258,TRUE,,941676390_2020
BILATERAL SAFETY CORRIDOR COALITION,550806460,2015,91950,0,0,0,0,159442,117018,0,276460,A,276460,TRUE,,550806460_2015
BILATERAL SAFETY CORRIDOR COALITION,550806460,2016,91950,0,0,0,0,188786,236171,0,424957,A,424957,TRUE,,550806460_2016
BILATERAL SAFETY CORRIDOR COALITION,550806460,2017,91950,0,0,0,0,171066,159109,0,330175,A,330175,TRUE,,550806460_2017
BILATERAL SAFETY CORRIDOR COALITION,550806460,2018,91950,0,0,0,0,0,297479,0,297479,A,297479,TRUE,,550806460_2018
BILATERAL SAFETY CORRIDOR COALITION,550806460,2019,91950,0,0,0,0,0,269047,0,269047,A,269047,TRUE,,550806460_2019
BILATERAL SAFETY CORRIDOR COALITION,550806460,2020,91950,0,0,0,0,161068,218547,6000,379615,A,379615,TRUE,,550806460_2020
Nami San Diego,330122462,2015,92123,0,760,17785,0,4623871,255358,0,4897774,A,4897774,TRUE,,330122462_2015
Nami San Diego,330122462,2017,92123,0,0,142728,0,5085050,133191,0,5360969,A,5360969,TRUE,,330122462_2017
Nami San Diego,330122462,2018,92123,0,0,181702,0,5115093,139806,18300,5436601,A,5436601,TRUE,,330122462_2018
Nami San Diego,330122462,2019,92123,0,0,160382,0,5532949,329605,2415,6022936,A,6022936,TRUE,,330122462_2019
Dreams for Change Inc.,270447059,2016,92176,0,0,0,0,0,367905,0,367905,A,367905,TRUE,,270447059_2016
Dreams for Change Inc.,270447059,2017,92176,0,0,0,0,0,13723,589875,603598,A,603598,TRUE,,270447059_2017
Dreams for Change Inc.,270447059,2018,92176,0,0,0,0,345041,492397,0,837438,A,837438,TRUE,,270447059_2018
Dreams for Change Inc.,270447059,2019,92176,0,0,0,0,600504,421536,0,1022040,A,1022040,TRUE,,270447059_2019
Dreams for Change Inc.,270447059,2020,92176,0,0,0,0,717584,434903,0,1152487,A,1152487,TRUE,,270447059_2020
UPLIFT,330210280,2019,92102,0,0,36547,0,0,192704,0,229251,A,229251,TRUE,,330210280_2019
UPLIFT,330210280,2021,92102,0,0,53708,0,0,192522,30000,246230,,246230,TRUE,,330210280_2021
Voices of Our City Choir Inc.,822363154,2019,92112,0,0,0,0,0,237154,0,237154,A,237154,TRUE,,822363154_2019
Home Start Incorporated ,953138268,2020,92108,0,0,148040,0,9010990,1979791,53907,11138821,,11138821,TRUE,,953138268_2020
PATH (People Assisting The Homeless),953950196,2020,90004,0,0,2014718,0,90762040,8823906,2984796,101600664,,101600664,TRUE,,953950196_2020
Olive Crest ,952877102,2020,92705,0,0,1059264,0,23230878,7369758,1305317,31659900,,31659900,TRUE,,952877102_2020
Salvation Army San Diego Residences ,330553621,2020,90275,0,0,0,0,784501,0,0,784501,,784501,TRUE,,330553621_2020
Jacobs & Cushman San Diego Food Bank,204374795,2020,92121,0,0,251384,0,10838132,113522301,80913471,124611817,,124611817,TRUE,,204374795_2020
Operation Hope North County ,571214920,2020,92084,0,0,0,0,422615,692114,0,1114729,,1114729,TRUE,,
Kingdom Causes dba City Net,571162424,2021,90807,89250,0,0,0,429733,790394,27870,1309377,,1309377,TRUE,,
,,,,"$35,571,906.00","$47,967.00","$19,229,327.00","$23,349,134.00","$3,384,170,346.00","$759,399,657.00","$218,330,487.00","$4,230,190,126.00",,,,,
,,,,,,,,,,,"$846,019,780.00",,,,,
,,,,,,,,,,,"$120,859,968.57",,,,,